[{"model": "admin.logentry", "pk": 1, "fields": {"action_time": "2025-10-23T05:28:06.278Z", "user": 1, "content_type": 13, "object_id": "1", "object_repr": "ëÂå¥äwâÄ", "action_flag": 1, "change_message": "[{\"added\": {}}]"}}, {"model": "admin.logentry", "pk": 2, "fields": {"action_time": "2025-10-23T05:28:44.153Z", "user": 1, "content_type": 12, "object_id": "1", "object_repr": "ëæå¥è§éñäîéÆâÔé–", "action_flag": 1, "change_message": "[{\"added\": {}}]"}}, {"model": "admin.logentry", "pk": 3, "fields": {"action_time": "2025-10-23T05:54:54.650Z", "user": 1, "content_type": 8, "object_id": "1", "object_repr": "ñÿñÏì‡„ƒ", "action_flag": 2, "change_message": "[{\"changed\": {\"fields\": [\"\\u6240\\u5c5e\\u5b66\\u6821\"]}}]"}}, {"model": "admin.logentry", "pk": 4, "fields": {"action_time": "2025-10-23T05:56:28.405Z", "user": 1, "content_type": 13, "object_id": "2", "object_repr": "â‘çÁìøâh", "action_flag": 1, "change_message": "[{\"added\": {}}]"}}, {"model": "admin.logentry", "pk": 5, "fields": {"action_time": "2025-10-23T05:57:27.730Z", "user": 1, "content_type": 4, "object_id": "5", "object_repr": "sk0606@", "action_flag": 1, "change_message": "[{\"added\": {}}]"}}, {"model": "admin.logentry", "pk": 6, "fields": {"action_time": "2025-10-23T05:57:45.470Z", "user": 1, "content_type": 8, "object_id": "2", "object_repr": "ñxâzå[ëæ", "action_flag": 1, "change_message": "[{\"added\": {}}]"}}, {"model": "admin.logentry", "pk": 7, "fields": {"action_time": "2025-10-31T00:54:21.907Z", "user": 1, "content_type": 17, "object_id": "3", "object_repr": "Room for s0606k@ and sk2003@", "action_flag": 3, "change_message": ""}}, {"model": "admin.logentry", "pk": 8, "fields": {"action_time": "2025-10-31T00:54:21.930Z", "user": 1, "content_type": 17, "object_id": "2", "object_repr": "Room for s0606k@ and kigyou@a", "action_flag": 3, "change_message": ""}}, {"model": "admin.logentry", "pk": 9, "fields": {"action_time": "2025-10-31T00:54:21.947Z", "user": 1, "content_type": 17, "object_id": "1", "object_repr": "Room for sk0606@ and kigyou@a", "action_flag": 3, "change_message": ""}}, {"model": "admin.logentry", "pk": 10, "fields": {"action_time": "2025-10-31T01:02:58.929Z", "user": 1, "content_type": 17, "object_id": "5", "object_repr": "Room for s0606k@ and sk2003@", "action_flag": 3, "change_message": ""}}, {"model": "admin.logentry", "pk": 11, "fields": {"action_time": "2025-10-31T01:02:58.973Z", "user": 1, "content_type": 17, "object_id": "4", "object_repr": "Room for s0606k@ and kigyou@a", "action_flag": 3, "change_message": ""}}, {"model": "admin.logentry", "pk": 12, "fields": {"action_time": "2025-10-31T01:20:27.981Z", "user": 1, "content_type": 17, "object_id": "7", "object_repr": "Room for s0606k@ and sk2003@", "action_flag": 3, "change_message": ""}}, {"model": "admin.logentry", "pk": 13, "fields": {"action_time": "2025-10-31T01:20:28.014Z", "user": 1, "content_type": 17, "object_id": "6", "object_repr": "Room for s0606k@ and kigyou@a", "action_flag": 3, "change_message": ""}}, {"model": "auth.permission", "pk": 1, "fields": {"name": "Can add log entry", "content_type": 1, "codename": "add_logentry"}}, {"model": "auth.permission", "pk": 2, "fields": {"name": "Can change log entry", "content_type": 1, "codename": "change_logentry"}}, {"model": "auth.permission", "pk": 3, "fields": {"name": "Can delete log entry", "content_type": 1, "codename": "delete_logentry"}}, {"model": "auth.permission", "pk": 4, "fields": {"name": "Can view log entry", "content_type": 1, "codename": "view_logentry"}}, {"model": "auth.permission", "pk": 5, "fields": {"name": "Can add permission", "content_type": 2, "codename": "add_permission"}}, {"model": "auth.permission", "pk": 6, "fields": {"name": "Can change permission", "content_type": 2, "codename": "change_permission"}}, {"model": "auth.permission", "pk": 7, "fields": {"name": "Can delete permission", "content_type": 2, "codename": "delete_permission"}}, {"model": "auth.permission", "pk": 8, "fields": {"name": "Can view permission", "content_type": 2, "codename": "view_permission"}}, {"model": "auth.permission", "pk": 9, "fields": {"name": "Can add group", "content_type": 3, "codename": "add_group"}}, {"model": "auth.permission", "pk": 10, "fields": {"name": "Can change group", "content_type": 3, "codename": "change_group"}}, {"model": "auth.permission", "pk": 11, "fields": {"name": "Can delete group", "content_type": 3, "codename": "delete_group"}}, {"model": "auth.permission", "pk": 12, "fields": {"name": "Can view group", "content_type": 3, "codename": "view_group"}}, {"model": "auth.permission", "pk": 13, "fields": {"name": "Can add user", "content_type": 4, "codename": "add_user"}}, {"model": "auth.permission", "pk": 14, "fields": {"name": "Can change user", "content_type": 4, "codename": "change_user"}}, {"model": "auth.permission", "pk": 15, "fields": {"name": "Can delete user", "content_type": 4, "codename": "delete_user"}}, {"model": "auth.permission", "pk": 16, "fields": {"name": "Can view user", "content_type": 4, "codename": "view_user"}}, {"model": "auth.permission", "pk": 17, "fields": {"name": "Can add content type", "content_type": 5, "codename": "add_contenttype"}}, {"model": "auth.permission", "pk": 18, "fields": {"name": "Can change content type", "content_type": 5, "codename": "change_contenttype"}}, {"model": "auth.permission", "pk": 19, "fields": {"name": "Can delete content type", "content_type": 5, "codename": "delete_contenttype"}}, {"model": "auth.permission", "pk": 20, "fields": {"name": "Can view content type", "content_type": 5, "codename": "view_contenttype"}}, {"model": "auth.permission", "pk": 21, "fields": {"name": "Can add session", "content_type": 6, "codename": "add_session"}}, {"model": "auth.permission", "pk": 22, "fields": {"name": "Can change session", "content_type": 6, "codename": "change_session"}}, {"model": "auth.permission", "pk": 23, "fields": {"name": "Can delete session", "content_type": 6, "codename": "delete_session"}}, {"model": "auth.permission", "pk": 24, "fields": {"name": "Can view session", "content_type": 6, "codename": "view_session"}}, {"model": "auth.permission", "pk": 25, "fields": {"name": "Can add teacher", "content_type": 7, "codename": "add_teacher"}}, {"model": "auth.permission", "pk": 26, "fields": {"name": "Can change teacher", "content_type": 7, "codename": "change_teacher"}}, {"model": "auth.permission", "pk": 27, "fields": {"name": "Can delete teacher", "content_type": 7, "codename": "delete_teacher"}}, {"model": "auth.permission", "pk": 28, "fields": {"name": "Can view teacher", "content_type": 7, "codename": "view_teacher"}}, {"model": "auth.permission", "pk": 29, "fields": {"name": "Can add student", "content_type": 8, "codename": "add_student"}}, {"model": "auth.permission", "pk": 30, "fields": {"name": "Can change student", "content_type": 8, "codename": "change_student"}}, {"model": "auth.permission", "pk": 31, "fields": {"name": "Can delete student", "content_type": 8, "codename": "delete_student"}}, {"model": "auth.permission", "pk": 32, "fields": {"name": "Can view student", "content_type": 8, "codename": "view_student"}}, {"model": "auth.permission", "pk": 33, "fields": {"name": "Can add company representative", "content_type": 9, "codename": "add_companyrepresentative"}}, {"model": "auth.permission", "pk": 34, "fields": {"name": "Can change company representative", "content_type": 9, "codename": "change_companyrepresentative"}}, {"model": "auth.permission", "pk": 35, "fields": {"name": "Can delete company representative", "content_type": 9, "codename": "delete_companyrepresentative"}}, {"model": "auth.permission", "pk": 36, "fields": {"name": "Can view company representative", "content_type": 9, "codename": "view_companyrepresentative"}}, {"model": "auth.permission", "pk": 37, "fields": {"name": "Can add portfolio", "content_type": 10, "codename": "add_portfolio"}}, {"model": "auth.permission", "pk": 38, "fields": {"name": "Can change portfolio", "content_type": 10, "codename": "change_portfolio"}}, {"model": "auth.permission", "pk": 39, "fields": {"name": "Can delete portfolio", "content_type": 10, "codename": "delete_portfolio"}}, {"model": "auth.permission", "pk": 40, "fields": {"name": "Can view portfolio", "content_type": 10, "codename": "view_portfolio"}}, {"model": "auth.permission", "pk": 41, "fields": {"name": "Can add portfolio item", "content_type": 11, "codename": "add_portfolioitem"}}, {"model": "auth.permission", "pk": 42, "fields": {"name": "Can change portfolio item", "content_type": 11, "codename": "change_portfolioitem"}}, {"model": "auth.permission", "pk": 43, "fields": {"name": "Can delete portfolio item", "content_type": 11, "codename": "delete_portfolioitem"}}, {"model": "auth.permission", "pk": 44, "fields": {"name": "Can view portfolio item", "content_type": 11, "codename": "view_portfolioitem"}}, {"model": "auth.permission", "pk": 45, "fields": {"name": "Can add company", "content_type": 12, "codename": "add_company"}}, {"model": "auth.permission", "pk": 46, "fields": {"name": "Can change company", "content_type": 12, "codename": "change_company"}}, {"model": "auth.permission", "pk": 47, "fields": {"name": "Can delete company", "content_type": 12, "codename": "delete_company"}}, {"model": "auth.permission", "pk": 48, "fields": {"name": "Can view company", "content_type": 12, "codename": "view_company"}}, {"model": "auth.permission", "pk": 49, "fields": {"name": "Can add school", "content_type": 13, "codename": "add_school"}}, {"model": "auth.permission", "pk": 50, "fields": {"name": "Can change school", "content_type": 13, "codename": "change_school"}}, {"model": "auth.permission", "pk": 51, "fields": {"name": "Can delete school", "content_type": 13, "codename": "delete_school"}}, {"model": "auth.permission", "pk": 52, "fields": {"name": "Can view school", "content_type": 13, "codename": "view_school"}}, {"model": "auth.permission", "pk": 53, "fields": {"name": "Can add announcement", "content_type": 14, "codename": "add_announcement"}}, {"model": "auth.permission", "pk": 54, "fields": {"name": "Can change announcement", "content_type": 14, "codename": "change_announcement"}}, {"model": "auth.permission", "pk": 55, "fields": {"name": "Can delete announcement", "content_type": 14, "codename": "delete_announcement"}}, {"model": "auth.permission", "pk": 56, "fields": {"name": "Can view announcement", "content_type": 14, "codename": "view_announcement"}}, {"model": "auth.permission", "pk": 57, "fields": {"name": "Can add favorite company", "content_type": 15, "codename": "add_favoritecompany"}}, {"model": "auth.permission", "pk": 58, "fields": {"name": "Can change favorite company", "content_type": 15, "codename": "change_favoritecompany"}}, {"model": "auth.permission", "pk": 59, "fields": {"name": "Can delete favorite company", "content_type": 15, "codename": "delete_favoritecompany"}}, {"model": "auth.permission", "pk": 60, "fields": {"name": "Can view favorite company", "content_type": 15, "codename": "view_favoritecompany"}}, {"model": "auth.permission", "pk": 61, "fields": {"name": "Can add scout", "content_type": 16, "codename": "add_scout"}}, {"model": "auth.permission", "pk": 62, "fields": {"name": "Can change scout", "content_type": 16, "codename": "change_scout"}}, {"model": "auth.permission", "pk": 63, "fields": {"name": "Can delete scout", "content_type": 16, "codename": "delete_scout"}}, {"model": "auth.permission", "pk": 64, "fields": {"name": "Can view scout", "content_type": 16, "codename": "view_scout"}}, {"model": "auth.permission", "pk": 65, "fields": {"name": "Can add chat room", "content_type": 17, "codename": "add_chatroom"}}, {"model": "auth.permission", "pk": 66, "fields": {"name": "Can change chat room", "content_type": 17, "codename": "change_chatroom"}}, {"model": "auth.permission", "pk": 67, "fields": {"name": "Can delete chat room", "content_type": 17, "codename": "delete_chatroom"}}, {"model": "auth.permission", "pk": 68, "fields": {"name": "Can view chat room", "content_type": 17, "codename": "view_chatroom"}}, {"model": "auth.permission", "pk": 69, "fields": {"name": "Can add chat message", "content_type": 18, "codename": "add_chatmessage"}}, {"model": "auth.permission", "pk": 70, "fields": {"name": "Can change chat message", "content_type": 18, "codename": "change_chatmessage"}}, {"model": "auth.permission", "pk": 71, "fields": {"name": "Can delete chat message", "content_type": 18, "codename": "delete_chatmessage"}}, {"model": "auth.permission", "pk": 72, "fields": {"name": "Can view chat message", "content_type": 18, "codename": "view_chatmessage"}}, {"model": "auth.user", "pk": 1, "fields": {"password": "pbkdf2_sha256$260000$xKADHY2nblp6Zd6eYZdrLl$CFpElOdgAbR/Nq0gY6WO6zGvZvIJFmM/IgxJGhyOYPE=", "last_login": "2025-10-31T01:20:18.337Z", "is_superuser": true, "username": "admin", "first_name": "", "last_name": "", "email": "", "is_staff": true, "is_active": true, "date_joined": "2025-10-22T02:54:32.017Z", "groups": [], "user_permissions": []}}, {"model": "auth.user", "pk": 2, "fields": {"password": "pbkdf2_sha256$260000$McuF8u6sswFN8gxnUxMzgQ$zpw33QLq8Pqpp8VAkc9i9c1Bfeu4N3/J0HGiui2vplY=", "last_login": "2025-11-05T01:24:35.119Z", "is_superuser": false, "username": "s0606k@", "first_name": "", "last_name": "", "email": "", "is_staff": false, "is_active": true, "date_joined": "2025-10-23T00:42:32.785Z", "groups": [], "user_permissions": []}}, {"model": "auth.user", "pk": 3, "fields": {"password": "pbkdf2_sha256$600000$VujY8TKikdg6BqEpka3haY$x6XeR0Y95JWdZMwbzYaBupU9OgSAOsZ4Br//fkRKZm8=", "last_login": "2025-10-27T02:02:34.921Z", "is_superuser": false, "username": "s2003k@", "first_name": "", "last_name": "", "email": "", "is_staff": false, "is_active": true, "date_joined": "2025-10-23T05:31:38.939Z", "groups": [], "user_permissions": []}}, {"model": "auth.user", "pk": 4, "fields": {"password": "pbkdf2_sha256$600000$8BPwcSymCWjP3C5fkXZCPm$zFAeRBEynKr4wpc7nLzlK9gxnNpzpzVteiEsJ4QzOsk=", "last_login": "2025-10-23T05:33:35.204Z", "is_superuser": false, "username": "sk2003@", "first_name": "", "last_name": "", "email": "", "is_staff": false, "is_active": true, "date_joined": "2025-10-23T05:33:16.836Z", "groups": [], "user_permissions": []}}, {"model": "auth.user", "pk": 5, "fields": {"password": "pbkdf2_sha256$600000$NQHSvSlFGcBTkA0y0tCmiT$XreGhJZbUXCFylsbXhZLYj7mamm4rH65QJTUEKMRLhM=", "last_login": null, "is_superuser": false, "username": "sk0606@", "first_name": "", "last_name": "", "email": "", "is_staff": false, "is_active": true, "date_joined": "2025-10-23T05:57:27.289Z", "groups": [], "user_permissions": []}}, {"model": "auth.user", "pk": 6, "fields": {"password": "pbkdf2_sha256$600000$jxbfdVgkao7VDTipF6yYzp$fgn879w67QQ0cDnjsnhwO9q1bL6ip5CaVfpOai2brtg=", "last_login": "2025-10-27T02:02:54.222Z", "is_superuser": false, "username": "kigyou@", "first_name": "", "last_name": "", "email": "", "is_staff": false, "is_active": true, "date_joined": "2025-10-27T01:25:28.729Z", "groups": [], "user_permissions": []}}, {"model": "auth.user", "pk": 7, "fields": {"password": "pbkdf2_sha256$260000$vimjDR4xPuqb1BdyCjZiwm$+284+648mQfs+lHzogA7NDZaJ/dKPwXnFzYBD8Wq7+Q=", "last_login": "2025-11-05T01:48:29.054Z", "is_superuser": false, "username": "kigyou@a", "first_name": "", "last_name": "", "email": "", "is_staff": false, "is_active": true, "date_joined": "2025-10-27T05:49:11.082Z", "groups": [], "user_permissions": []}}, {"model": "auth.user", "pk": 8, "fields": {"password": "pbkdf2_sha256$260000$EHHZDbIt3zAhPc31UjGAgU$KHsWsCQ/9llFodb2vF+YlkP48L1dQ2e9ytjUpv9riYQ=", "last_login": "2025-11-05T02:39:23.615Z", "is_superuser": false, "username": "kyouin@", "first_name": "", "last_name": "", "email": "", "is_staff": false, "is_active": true, "date_joined": "2025-10-27T05:50:31.683Z", "groups": [], "user_permissions": []}}, {"model": "contenttypes.contenttype", "pk": 1, "fields": {"app_label": "admin", "model": "logentry"}}, {"model": "contenttypes.contenttype", "pk": 2, "fields": {"app_label": "auth", "model": "permission"}}, {"model": "contenttypes.contenttype", "pk": 3, "fields": {"app_label": "auth", "model": "group"}}, {"model": "contenttypes.contenttype", "pk": 4, "fields": {"app_label": "auth", "model": "user"}}, {"model": "contenttypes.contenttype", "pk": 5, "fields": {"app_label": "contenttypes", "model": "contenttype"}}, {"model": "contenttypes.contenttype", "pk": 6, "fields": {"app_label": "sessions", "model": "session"}}, {"model": "contenttypes.contenttype", "pk": 7, "fields": {"app_label": "accounts", "model": "teacher"}}, {"model": "contenttypes.contenttype", "pk": 8, "fields": {"app_label": "accounts", "model": "student"}}, {"model": "contenttypes.contenttype", "pk": 9, "fields": {"app_label": "accounts", "model": "companyrepresentative"}}, {"model": "contenttypes.contenttype", "pk": 10, "fields": {"app_label": "portfolios", "model": "portfolio"}}, {"model": "contenttypes.contenttype", "pk": 11, "fields": {"app_label": "portfolios", "model": "portfolioitem"}}, {"model": "contenttypes.contenttype", "pk": 12, "fields": {"app_label": "companies", "model": "company"}}, {"model": "contenttypes.contenttype", "pk": 13, "fields": {"app_label": "schools", "model": "school"}}, {"model": "contenttypes.contenttype", "pk": 14, "fields": {"app_label": "core", "model": "announcement"}}, {"model": "contenttypes.contenttype", "pk": 15, "fields": {"app_label": "accounts", "model": "favoritecompany"}}, {"model": "contenttypes.contenttype", "pk": 16, "fields": {"app_label": "companies", "model": "scout"}}, {"model": "contenttypes.contenttype", "pk": 17, "fields": {"app_label": "chat", "model": "chatroom"}}, {"model": "contenttypes.contenttype", "pk": 18, "fields": {"app_label": "chat", "model": "chatmessage"}}, {"model": "sessions.session", "pk": "3v306wphvsur99sk7oursonzpksmme0v", "fields": {"session_data": ".eJxVjDEOwjAMRe-SGUVNcOKIkZ0zRI7tkgJqpaadKu4OlTrA-t97fzOZ1qXmtemcBzEX483pdyvETx13IA8a75PlaVzmodhdsQdt9jaJvq6H-3dQqdVvDYkZgb1LFBQQXeyw9BBVSgwSuDtHJQiKzkkqXlGcqO8JUEG4JPP-AOJiOGY:1vDaaT:-LItG3OgXWD8thlgoM12KOIbQ8cq-LFhrLY1JVcilpM", "expire_date": "2025-11-11T03:41:33.496Z"}}, {"model": "sessions.session", "pk": "3v83gq6kbxgxpzm3ssggtlj4p39qzvfp", "fields": {"session_data": ".eJxVjEEOwiAQRe_C2hCgCINL9z0DGWaIVA0kpV0Z764kXej2v_f-S0TctxL3nte4sLgIEKffLSE9ch2A71hvTVKr27okORR50C7nxvl5Pdy_g4K9fGvvsgKt2DEncsgJAkwGtAM-U5qYA6iAQN5q77QH9GSMHb5GchbE-wPjxTeI:1vGTQh:DQqibVBk2q434oZBTMabsiw4mL5mz9zdZyWzjngayHU", "expire_date": "2025-11-19T02:39:23.626Z"}}, {"model": "sessions.session", "pk": "4i8oz432cv7f16d0y28e82ticj6jficb", "fields": {"session_data": "e30:1vBjXW:IldXFu7aYpZWbCzBO2ekYwVztaACXcDUGO58PssyXmQ", "expire_date": "2025-11-06T00:50:50.932Z"}}, {"model": "sessions.session", "pk": "ms3ydhvejap9leeh0547hwcnf4bri6sh", "fields": {"session_data": ".eJxVjMsOwiAQRf-FtSFToAPj0n2_gfAYpWogKe3K-O_apAvd3nPOfQkftrX4rfPi5yzOworT7xZDenDdQb6Hemsytbouc5S7Ig_a5dQyPy-H-3dQQi_fmjmhdTASD6S1U2gcG0WUgbUaEVUkshiDBWRlFJgBESgSRLLuClq8P7CxNhg:1vEekT:amnA_eTugpuXM6Ig1d7YAbkH_YEDXEUheWfk-BiFNQc", "expire_date": "2025-11-14T02:20:17.296Z"}}, {"model": "sessions.session", "pk": "ogljbvu97n6gq63a4s9sx3d7adieuzjh", "fields": {"session_data": ".eJxVjMsOwiAQRf-FtSFToAPj0n2_gfAYpWogKe3K-O_apAvd3nPOfQkftrX4rfPi5yzOworT7xZDenDdQb6Hemsytbouc5S7Ig_a5dQyPy-H-3dQQi_fmjmhdTASD6S1U2gcG0WUgbUaEVUkshiDBWRlFJgBESgSRLLuClq8P7CxNhg:1vEekT:amnA_eTugpuXM6Ig1d7YAbkH_YEDXEUheWfk-BiFNQc", "expire_date": "2025-11-14T02:20:17.541Z"}}, {"model": "sessions.session", "pk": "po5nam84327hs9mi4f9na3ca78h3ik97", "fields": {"session_data": ".eJxVjMsOgjAUBf-la9OAty2tS_d8Q3NfCGpKQmFl_HclYaHbMzPnZTJu65i3qkuexFzM2Zx-N0J-aNmB3LHcZstzWZeJ7K7Yg1bbz6LP6-H-HYxYx2_dtQEYhUADgucUOk2uA46g6IeWwVES9RTbIIkSs0PPgBI5Nk0aBvP-APRvOKQ:1vDc4n:s5UEfL41jBIrHkABYZn6oYQSiDvn5JDnojCmv7Uc9BA", "expire_date": "2025-11-11T05:16:57.270Z"}}, {"model": "accounts.student", "pk": 1, "fields": {"user": 2, "school": 1, "full_name": "ñÿñÏì‡„ƒ", "grade": 2, "comment": "ìVçÀÇPÇOÇOîNÇ…àÍìxÇÃëÂìVçÀ", "comment_teacher": 2}}, {"model": "accounts.student", "pk": 2, "fields": {"user": 5, "school": 2, "full_name": "ñxâzå[ëæ", "grade": 1, "comment": null, "comment_teacher": null}}, {"model": "accounts.teacher", "pk": 1, "fields": {"user": 3, "school": 1, "full_name": "ñÿñÏì‡„ƒ", "subject": "èÓïÒÅEIT"}}, {"model": "accounts.teacher", "pk": 2, "fields": {"user": 8, "school": 1, "full_name": "ã≥àı", "subject": "èÓïÒÅEIT"}}, {"model": "accounts.companyrepresentative", "pk": 1, "fields": {"user": 4, "company": 1, "full_name": "ñÿñÏì‡„ƒ", "department": "í êM"}}, {"model": "accounts.companyrepresentative", "pk": 2, "fields": {"user": 6, "company": 1, "full_name": "äÈã∆íSìñé“", "department": "í êM"}}, {"model": "accounts.companyrepresentative", "pk": 3, "fields": {"user": 7, "company": 1, "full_name": "äÈã∆íSìñé“", "department": "í êM"}}, {"model": "accounts.favoritecompany", "pk": 4, "fields": {"student": 1, "company": 1, "created_at": "2025-11-04T03:23:39.713Z"}}, {"model": "portfolios.portfolio", "pk": 2, "fields": {"student": 1, "title": "ÉQÅ[ÉÄ", "description": "RPG", "teacher_comment": "ê_ÉQÅ[", "commenting_teacher": 2}}, {"model": "portfolios.portfolioitem", "pk": 4, "fields": {"portfolio": 2, "file": "portfolio_files/doragonn.jpg"}}, {"model": "companies.company", "pk": 1, "fields": {"name": "ëæå¥è§éñäîéÆâÔé–", "industry": "SE", "description": "ëæå¥Çãçé®ÇÈ"}}, {"model": "companies.scout", "pk": 9, "fields": {"company": 1, "student": 2, "created_at": "2025-10-28T00:52:07.916Z"}}, {"model": "companies.scout", "pk": 12, "fields": {"company": 1, "student": 1, "created_at": "2025-10-31T01:47:46.679Z"}}, {"model": "schools.school", "pk": 1, "fields": {"name": "ëÂå¥äwâÄ", "address": "âFìsã{ 1-2-7"}}, {"model": "schools.school", "pk": 2, "fields": {"name": "â‘çÁìøâh", "address": "â¡ê{"}}, {"model": "chat.chatroom", "pk": 8, "fields": {"created_at": "2025-10-31T01:21:26.704Z", "participants": [2, 7]}}, {"model": "chat.chatroom", "pk": 9, "fields": {"created_at": "2025-10-31T01:47:50.554Z", "participants": [3, 7]}}, {"model": "chat.chatroom", "pk": 10, "fields": {"created_at": "2025-10-31T01:47:53.782Z", "participants": [7, 8]}}, {"model": "chat.chatmessage", "pk": 15, "fields": {"room": 8, "author": 7, "content": "Ç±ÇÒÇ…ÇøÇÕ", "timestamp": "2025-10-31T01:21:50.946Z"}}, {"model": "chat.chatmessage", "pk": 16, "fields": {"room": 8, "author": 2, "content": "Ç±ÇÒÇ…ÇøÇÕ", "timestamp": "2025-10-31T01:21:59.245Z"}}, {"model": "chat.chatmessage", "pk": 17, "fields": {"room": 10, "author": 7, "content": "Ç±ÇÒÇ…ÇøÇÕ", "timestamp": "2025-10-31T01:48:03.652Z"}}, {"model": "chat.chatmessage", "pk": 18, "fields": {"room": 10, "author": 8, "content": "Ç±ÇÒÇ…ÇøÇÕ", "timestamp": "2025-10-31T02:20:00.351Z"}}, {"model": "chat.chatmessage", "pk": 19, "fields": {"room": 10, "author": 7, "content": "Ç†Ç†Ç†Ç†Ç†Ç†Ç†", "timestamp": "2025-10-31T02:20:31.492Z"}}, {"model": "chat.chatmessage", "pk": 20, "fields": {"room": 10, "author": 7, "content": "a", "timestamp": "2025-11-04T01:31:29.047Z"}}, {"model": "chat.chatmessage", "pk": 21, "fields": {"room": 10, "author": 7, "content": "a", "timestamp": "2025-11-04T01:31:29.486Z"}}, {"model": "chat.chatmessage", "pk": 22, "fields": {"room": 10, "author": 7, "content": "a", "timestamp": "2025-11-04T01:31:29.787Z"}}, {"model": "chat.chatmessage", "pk": 23, "fields": {"room": 10, "author": 7, "content": "a", "timestamp": "2025-11-04T01:31:30.090Z"}}, {"model": "chat.chatmessage", "pk": 24, "fields": {"room": 10, "author": 7, "content": "aa", "timestamp": "2025-11-04T01:31:30.358Z"}}, {"model": "chat.chatmessage", "pk": 25, "fields": {"room": 10, "author": 7, "content": "a", "timestamp": "2025-11-04T01:31:30.608Z"}}, {"model": "chat.chatmessage", "pk": 26, "fields": {"room": 10, "author": 7, "content": "a", "timestamp": "2025-11-04T01:31:30.842Z"}}, {"model": "chat.chatmessage", "pk": 27, "fields": {"room": 10, "author": 7, "content": "aa", "timestamp": "2025-11-04T01:31:31.493Z"}}, {"model": "chat.chatmessage", "pk": 28, "fields": {"room": 10, "author": 7, "content": "a", "timestamp": "2025-11-04T01:31:31.763Z"}}, {"model": "chat.chatmessage", "pk": 29, "fields": {"room": 10, "author": 7, "content": "aa", "timestamp": "2025-11-04T01:31:32.032Z"}}, {"model": "chat.chatmessage", "pk": 30, "fields": {"room": 10, "author": 7, "content": "a", "timestamp": "2025-11-04T01:31:32.340Z"}}, {"model": "chat.chatmessage", "pk": 31, "fields": {"room": 10, "author": 7, "content": "a", "timestamp": "2025-11-04T01:31:32.710Z"}}, {"model": "chat.chatmessage", "pk": 32, "fields": {"room": 10, "author": 7, "content": "aa", "timestamp": "2025-11-04T01:31:32.956Z"}}, {"model": "chat.chatmessage", "pk": 33, "fields": {"room": 10, "author": 7, "content": "a", "timestamp": "2025-11-04T01:31:33.276Z"}}, {"model": "chat.chatmessage", "pk": 34, "fields": {"room": 10, "author": 7, "content": "a", "timestamp": "2025-11-04T01:31:33.530Z"}}, {"model": "chat.chatmessage", "pk": 35, "fields": {"room": 10, "author": 7, "content": "a", "timestamp": "2025-11-04T01:31:33.763Z"}}, {"model": "chat.chatmessage", "pk": 36, "fields": {"room": 10, "author": 7, "content": "a", "timestamp": "2025-11-04T01:31:35.371Z"}}]